desc,avg_inference_time,std_inference_time,avg_cpu_mem_usage,std_cpu_mem_usage,avg_gpu_mem_usage,std_gpu_mem_usage
stable_diffusion_UNet_GPU,0.27318849563598635,0.09205775216375249,889.631640625,0.0037057941330098194,2511.1396484375,0.0
stable_diffusion_ONNX_UNet_GPU,1.6123629570007325,0.07474299686629637,1390.87265625,0.03450889327807801,1355.65380859375,0.0
stable_diffusion_ONNX_UNet_CPU,7.5368633508682255,0.9180746064937988,4968.514453125,344.70516150741446,0,0
